threads,perf_high_affinity,perf_low_affinity
2,29229.0,33908.9
4,28334.1,34001.8
6,28646.2,33808.850000000006
8,28803.2,33634.850000000006
10,28349.2,31777.9
12,27268.2,32852.3
14,27786.699999999997,33980.45
16,27843.1,29293.65
18,26114.45,30116.6
20,27246.15,33389.95
22,26725.9,33492.35
24,28652.3,32992.5
26,28457.15,32620.75
28,28439.6,33588.1
30,28378.5,34290.850000000006
32,27890.85,30417.6
