threads,perf_high_affinity,perf_low_affinity
2,77263.54000000001,117495.235
4,64294.84,93368.65
6,62987.415,97303.765
8,62653.11,82164.01999999999
10,57792.56,83627.195
12,59000.03,99421.34
